# Game team key|Official EA FC27 team ID (reviewed abbreviations and licensed substitutes)
bundesliga_mainz|169
bundesliga_werder|38
bundesliga_schalke|34
laliga_alaves|463
laliga_celta|450
ligue1_psg|73
ligue1_marseille|219
ligue1_lyon|66
ligue1_brest|378
championship_norwichcity|1792
championship_charltonathletic|89
championship_boltonwanderers|4
championship_westbromwichalbion|109
championship_prestonnorthend|1801
championship_westhamunited|19
championship_sheffieldunited|1794
championship_queensparkrangers|15
championship_wolverhamptonwanderers|110
laliga2_girona|110062
laliga2_ceuta|1894
laliga2_castellon|100852
laliga2_eldense|131110
laliga2_albacete|1854
laliga2_eibar|467
laliga2_cdsabadell|15021
laliga2_almeria|1861
laliga2_mallorca|453
laliga2_laspalmas|472
laliga2_realsociedadii|110711
laliga2_leganes|100888
laliga2_rcceltafortuna|110716
laliga2_realvalladolid|462
laliga2_realoviedo|110827
laliga2_sportinggijon|459
laliga2_tenerife|260
serieb_carrarese|112493
serieb_juvestabia|112124
bundesliga2_1fcheidenheim1846|111235
serieb_virtusentella|113147
serieb_vicenza|112954
serieb_usavellino|2038
bundesliga2_tsveintrachtbraunschweig|110500
bundesliga2_vflbochum|160
bundesliga2_spvgggreutherfurth|165
bundesliga2_herthaberlin|166
ligue2_dunkerque|111276
ligue2_guingamp|62
ligue2_boulogne|132680
ligue2_dijonfco|110569
ligue2_grenoble|1805
ligue2_clermontfoot|1815
ligue2_redstarfc93|111273
ligue2_stadelaval|1814
ligue2_rodezaveyron|111659
ligue2_sochaux|226
premier_brighton|1808
premier_ipswich|94
premier_newcastle|13
premier_nottinghamforest|14
premier_tottenham|18
seriea_atalanta|115845
seriea_inter|131682
seriea_lazio|115841
seriea_milan|131681
seriea_napoli|48
superlig_gaziantep|110776
superlig_erzurumspor|749
superlig_amed|132392
superlig_corum|132868
