# Historical peak cards; no claim of retirement. name|nation|positions|peak_estimate|historical_clubs
Lionel Messi|argentina|RW,AM,ST|99|laliga_barcelona,ligue1_psg
Cristiano Ronaldo|portugal|ST,LW,RW|98|laliga_realmadrid,premier_manchesterunited,seriea_juventus
Neymar|brazil|LW,AM|94|laliga_barcelona,ligue1_psg
Luis Suárez|uruguay|ST|93|laliga_barcelona,laliga_atletico,premier_liverpool
Karim Benzema|france|ST,AM|93|laliga_realmadrid,ligue1_lyon
Robert Lewandowski|poland|ST|93|laliga_barcelona,bundesliga_bayern,bundesliga_dortmund
Luka Modrić|croatia|CM,AM|93|laliga_realmadrid,premier_tottenham,seriea_milan
Sergio Ramos|spain|CB,RB|93|laliga_realmadrid,ligue1_psg,laliga_sevilla
Manuel Neuer|germany|GK|94|bundesliga_bayern,bundesliga_schalke
Kevin De Bruyne|belgium|CM,AM|94|premier_manchestercity,premier_chelsea,bundesliga2_vflwolfsburg,seriea_napoli
Mohamed Salah|egypt|RW,ST|93|premier_liverpool,premier_chelsea,seriea_roma,seriea_fiorentina
Sadio Mané|senegal|LW,ST|92|premier_liverpool,bundesliga_bayern
Virgil van Dijk|netherlands|CB|93|premier_liverpool
Thibaut Courtois|belgium|GK|93|laliga_realmadrid,premier_chelsea,laliga_atletico
Alisson Becker|brazil|GK|92|premier_liverpool,seriea_roma
Jan Oblak|slovenia|GK|92|laliga_atletico
David de Gea|spain|GK|92|premier_manchesterunited,laliga_atletico,seriea_fiorentina
Marc-André ter Stegen|germany|GK|92|laliga_barcelona,bundesliga_gladbach
Antoine Griezmann|france|ST,AM|92|laliga_atletico,laliga_barcelona,laliga_realsociedad
Kylian Mbappé|france|ST,LW|94|laliga_realmadrid,ligue1_psg,ligue1_monaco
Erling Haaland|norway|ST|93|premier_manchestercity,bundesliga_dortmund
Harry Kane|england|ST,AM|93|premier_tottenham,bundesliga_bayern
Ángel Di María|argentina|RW,RM,AM|92|laliga_realmadrid,premier_manchesterunited,ligue1_psg,seriea_juventus
Thomas Müller|germany|AM,ST,RW|91|bundesliga_bayern
Casemiro|brazil|DM|91|laliga_realmadrid,premier_manchesterunited
N'Golo Kanté|france|DM,CM|92|premier_chelsea
Dani Carvajal|spain|RB|90|laliga_realmadrid,bundesliga_leverkusen
Joshua Kimmich|germany|DM,CM,RB|91|bundesliga_bayern,bundesliga_leipzig
Rodri|spain|DM,CM|93|premier_manchestercity,laliga_atletico,laliga_villarreal
Bernardo Silva|portugal|AM,CM,RW|91|premier_manchestercity,ligue1_monaco
Bruno Fernandes|portugal|AM,CM|91|premier_manchesterunited,seriea_udinese
Son Heung-min|southkorea|LW,ST|91|premier_tottenham,bundesliga_leverkusen,bundesliga_hamburg
Hakan Çalhanoğlu|turkiye|DM,CM,AM|89|seriea_inter,seriea_milan,bundesliga_leverkusen,bundesliga_hamburg
Arda Güler|turkiye|AM,RW|84|laliga_realmadrid,superlig_fenerbahce
Barış Alper Yılmaz|turkiye|RW,LW,ST|81|superlig_galatasaray
Roberto Firmino|brazil|ST,AM|88|premier_liverpool,bundesliga_hoffenheim
Roque Santa Cruz|paraguay|ST|88|bundesliga_bayern,premier_manchestercity
Fernando Muslera|uruguay|GK|89|superlig_galatasaray,seriea_lazio
